device_type,avg_watch_time
Mobile,176.06075527
TV,94.71037128
Laptop,80.95433998
