city_tier,avg_watch_time
Tier 1,131.39421939
Tier 2,105.00561267
Tier 3,83.13672469
