city_tier,avg_watch_time
Tier 1,35.10240289
Tier 2,27.07965695
Tier 3,18.22465591
